id,name,lastname,price,flycode,typePassenger,statusFlight
1,Lou,González,10000,BA2491A,FirstClass,Aterrizado
2,Ulrike,Muñoz,25000,IB0800A,FirstClass,Aterrizado
3,Brade,Rojas,20000,MM0987B,FirstClass,Aterrizado
4,Kimbell,Díaz,50000,BA2491A,FirstClass,Aterrizado
5,Sheelagh,Pérez,18000,IB0800A,FirstClass,Aterrizado
6,Gayle,Soto,30000,MM0987B,FirstClass,Aterrizado
7,Kimberlee,Contreras,33000,BA2491A,FirstClass,Aterrizado
8,Henrieta,Silva,30000,IB0800A,FirstClass,Aterrizado
9,Jeanine,Martínez,18000,MM0987B,FirstClass,Aterrizado
10,Aggie,Sepúlveda,15000,BA2491A,FirstClass,Aterrizado
11,Brandea,Morales,15000,IB0800A,FirstClass,Aterrizado
12,Cordelie,Rodríguez,50000,IB0800A,FirstClass,Aterrizado
13,Shel,López,50000,MM0987B,FirstClass,Aterrizado
14,Bronnie,Fuentes,20000,MM0987B,FirstClass,Aterrizado
15,Megen,Hernández,10000,BA2491A,FirstClass,Aterrizado
16,Iver,Torres,12000,BA2491A,FirstClass,Aterrizado
17,Ernesta,Araya,37000,BA2491A,FirstClass,Aterrizado
18,Cirillo,Flores,50000,MM0987B,FirstClass,Aterrizado
19,Park,Espinoza,30000,MM0987B,FirstClass,Aterrizado
20,Bellanca,Valenzuela,15000,BA2491A,FirstClass,Aterrizado
21,Bobbye,Castillo,15000,BA2491A,FirstClass,Aterrizado
22,Eugene,Tapia,50000,BA2491A,FirstClass,Aterrizado
23,Johnny,Reyes,33000,MM0987B,FirstClass,Aterrizado
24,Reagen,Gutiérrez,42000,MM0987B,FirstClass,Aterrizado
25,Braden,Castro,25000,MM0987B,FirstClass,Aterrizado
26,Karim,Pizarro,25000,MM0987B,FirstClass,Aterrizado
27,Anthea,Álvarez,42000,MM0987B,FirstClass,Aterrizado
28,Doro,Vásquez,33000,IB0800A,FirstClass,Aterrizado
29,Gaye,Sánchez,37000,IB0800A,FirstClass,Aterrizado
30,Toby,Fernández,15000,IB0800A,FirstClass,Aterrizado
31,Franny,Ramírez,15000,IB0800A,FirstClass,Aterrizado
32,Katey,Carrasco,42000,MM0987B,FirstClass,Aterrizado
33,Earle,Gómez,10000,BA2491A,FirstClass,Aterrizado
34,Redd,Cortés,42000,BA2491A,FirstClass,Aterrizado
35,Jehanna,Herrera,50000,BA2491A,FirstClass,Aterrizado
36,Cristie,Núñez,10000,BA2491A,FirstClass,Aterrizado
37,Stefa,Jara,42000,BA2491A,FirstClass,Aterrizado
38,Roda,Vergara,25000,MM0987B,FirstClass,Aterrizado
39,Alfredo,Rivera,10000,MM0987B,FirstClass,Aterrizado
40,Sydney,Figueroa,10000,MM0987B,FirstClass,Aterrizado
41,Brnaba,Riquelme,30000,MM0987B,FirstClass,Aterrizado
42,Ame,García,50000,BA2491A,ExecutiveClass,Aterrizado
43,Bradney,Miranda,25000,BA2491A,ExecutiveClass,Aterrizado
44,Margarete,Bravo,50000,BA2491A,ExecutiveClass,Aterrizado
45,Nikoletta,Vera,50000,MM0987B,FirstClass,Aterrizado
46,Lonnard,Molina,50000,IB0800A,FirstClass,Aterrizado
47,Raine,Vega,30000,IB0800A,FirstClass,Aterrizado
48,Noella,Campos,15000,IB0800A,FirstClass,Aterrizado
49,Dagmar,Sandoval,25000,IB0800A,FirstClass,Aterrizado
50,Carroll,Orellana,42000,IB0800A,FirstClass,Aterrizado
51,Marion,Cárdenas,50000,IB0800A,FirstClass,Aterrizado
52,Carline,Olivares,12000,IB0800A,FirstClass,Aterrizado
53,Hyacinthie,Alarcón,15000,MM0987B,FirstClass,Aterrizado
54,Julina,Gallardo,33000,MM0987B,FirstClass,Aterrizado
55,Corina,Ortiz,37000,MM0987B,FirstClass,Aterrizado
56,Bernardine,Garrido,33000,MM0987B,FirstClass,Aterrizado
57,Homer,Salazar,18000,MM0987B,FirstClass,Aterrizado
58,Lianna,Guzmán,12000,MM0987B,FirstClass,Aterrizado
59,Celene,Henríquez,50000,MM0987B,FirstClass,Aterrizado
60,Kori,Saavedra,50000,MM0987B,FirstClass,Aterrizado
61,Deeyn,Navarro,20000,MM0987B,FirstClass,Aterrizado
62,Marysa,Aguilera,20000,MM0987B,FirstClass,Aterrizado
63,Loy,Parra,15000,MM0987B,FirstClass,Aterrizado
64,Gabbey,Romero,37000,MM0987B,FirstClass,Aterrizado
65,Star,Aravena,33000,MM0987B,FirstClass,Aterrizado
66,Dominica,Vargas,33000,IB0800A,FirstClass,Aterrizado
67,Blanch,Vázquez,15000,IB0800A,FirstClass,Aterrizado
68,Cristobal,Cáceres,15000,IB0800A,FirstClass,Aterrizado
69,Paulita,Yáñez,50000,IB0800A,FirstClass,Aterrizado
70,Sayre,Leiva,33000,IB0800A,FirstClass,Aterrizado
71,Shaughn,Escobar,15000,IB0800A,FirstClass,Aterrizado
72,Katrine,Ruiz,25000,IB0800A,FirstClass,Aterrizado
73,Cristi,Valdés,42000,IB0800A,FirstClass,Aterrizado
74,Cristie,Vidal,25000,IB0800A,ExecutiveClass,Aterrizado
75,Solomon,Salinas,10000,IB0800A,ExecutiveClass,Aterrizado
76,Nananne,Zúñiga,33000,IB0800A,ExecutiveClass,Aterrizado
77,Sacha,Peña,25000,IB0800A,ExecutiveClass,Aterrizado
78,Morse,Godoy,25000,IB0800A,ExecutiveClass,Aterrizado
79,Roland,Lagos,25000,IB0800A,ExecutiveClass,Aterrizado
80,Jesselyn,Maldonado,30000,IB0800A,ExecutiveClass,Aterrizado
81,Kylila,Bustos,12000,IB0800A,ExecutiveClass,Aterrizado
82,Kendre,Medina,25000,IB0800A,ExecutiveClass,Aterrizado
83,Lesya,Pino,15000,IB0800A,ExecutiveClass,Aterrizado
84,Tatiania,Palma,20000,IB0800A,ExecutiveClass,Aterrizado
85,Trenton,Moreno,12000,IB0800A,ExecutiveClass,Aterrizado
86,Angie,Sanhueza,20000,MM0987B,FirstClass,Aterrizado
87,Joelle,Carvajal,37000,MM0987B,FirstClass,Aterrizado
88,George,Navarrete,30000,MM0987B,ExecutiveClass,Aterrizado
89,Guenevere,Sáez,30000,MM0987B,ExecutiveClass,Aterrizado
90,Margaretha,Alvarado,10000,MM0987B,ExecutiveClass,Aterrizado
91,Sully,Donoso,15000,MM0987B,ExecutiveClass,Aterrizado
92,Lonni,Poblete,50000,MM0987B,ExecutiveClass,Aterrizado
93,Nicky,Bustamante,42000,MM0987B,ExecutiveClass,Aterrizado
94,My,Toro,18000,MM0987B,ExecutiveClass,Aterrizado
95,Kyrstin,Ortega,37000,IB0800A,ExecutiveClass,Aterrizado
96,Martino,Venegas,15000,IB0800A,ExecutiveClass,Aterrizado
97,Marcellus,Guerrero,50000,IB0800A,ExecutiveClass,Aterrizado
98,Jacquelin,Mendoza,30000,IB0800A,ExecutiveClass,Aterrizado
99,Aleda,Farías,50000,IB0800A,ExecutiveClass,Aterrizado
100,Georgeta,San Martín,10000,IB0800A,ExecutiveClass,Aterrizado
101,Marcille,González,10000,IB0800A,ExecutiveClass,Aterrizado
102,Ertha,Fernández,10000,IB0800A,ExecutiveClass,Aterrizado
103,Desiri,Rodríguez,25000,MM0987B,ExecutiveClass,Aterrizado
104,Geneva,López,33000,MM0987B,ExecutiveClass,Aterrizado
105,Kilian,Martínez,42000,MM0987B,ExecutiveClass,Aterrizado
106,Nance,Sánchez,10000,MM0987B,ExecutiveClass,Aterrizado
107,Gaven,Pérez,10000,MM0987B,ExecutiveClass,Aterrizado
108,Carlie,Gómez,10000,MM0987B,ExecutiveClass,Aterrizado
109,Trixie,Martín,42000,IB0800A,ExecutiveClass,Aterrizado
110,Dominick,Jiménez,30000,IB0800A,ExecutiveClass,Aterrizado
111,Petey,Ruiz,15000,IB0800A,ExecutiveClass,Aterrizado
112,Tersina,Hernández,30000,IB0800A,ExecutiveClass,Aterrizado
113,Johnathon,Díaz,15000,IB0800A,ExecutiveClass,Aterrizado
114,Freddie,Moreno,12000,IB0800A,ExecutiveClass,Aterrizado
115,Harmon,Álvarez,50000,IB0800A,ExecutiveClass,Aterrizado
116,Tracey,Muñoz,20000,IB0800A,ExecutiveClass,Aterrizado
117,Cherrita,Romero,33000,MM0987B,ExecutiveClass,Aterrizado
118,Stu,Alonso,12000,MM0987B,ExecutiveClass,Aterrizado
119,Glenda,Gutiérrez,37000,MM0987B,ExecutiveClass,Aterrizado
120,Lorettalorna,Navarro,25000,MM0987B,ExecutiveClass,Aterrizado
121,Patrizio,Torres,15000,IB0800A,ExecutiveClass,Aterrizado
122,Linda,Domínguez,30000,IB0800A,ExecutiveClass,Aterrizado
123,Pippa,Vázquez,20000,IB0800A,ExecutiveClass,Aterrizado
124,Pen,Ramos,18000,IB0800A,EconomyClass,En horario
125,Esteban,González,15000,IB0800A,EconomyClass,En horario
126,Fonzie,Muñoz,15000,IB0800A,EconomyClass,En horario
127,Cindelyn,Rojas,12000,IB0800A,EconomyClass,En horario
128,Zacharie,Díaz,30000,BA2491A,ExecutiveClass,Aterrizado
129,Vina,Pérez,42000,BA2491A,ExecutiveClass,Aterrizado
130,Omero,Soto,10000,BA2491A,ExecutiveClass,Aterrizado
131,Tom,Contreras,33000,BA2491A,ExecutiveClass,Aterrizado
132,Dante,Silva,30000,BA2491A,ExecutiveClass,Aterrizado
133,Cordy,Martínez,18000,BA2491A,ExecutiveClass,Aterrizado
134,Stephenie,Sepúlveda,50000,BA2491A,ExecutiveClass,Aterrizado
135,Dunstan,Morales,20000,BA2491A,ExecutiveClass,Aterrizado
136,Gideon,Rodríguez,15000,BA2491A,ExecutiveClass,Aterrizado
137,Johnette,López,10000,BA2491A,ExecutiveClass,Aterrizado
138,Brynn,Fuentes,50000,BA2491A,ExecutiveClass,Aterrizado
139,Yankee,Hernández,42000,BA2491A,ExecutiveClass,Aterrizado
140,Corbin,Torres,42000,BA2491A,ExecutiveClass,Aterrizado
141,Coreen,Araya,18000,IB0800A,EconomyClass,En horario
142,Tanya,Flores,30000,IB0800A,EconomyClass,En horario
143,Jenna,Espinoza,25000,IB0800A,EconomyClass,En horario
144,Flora,Valenzuela,33000,IB0800A,EconomyClass,En horario
145,Dianna,Castillo,20000,IB0800A,EconomyClass,En horario
146,Armand,Tapia,15000,IB0800A,EconomyClass,En horario
147,Gustie,Reyes,42000,IB0800A,EconomyClass,En horario
148,Benton,Gutiérrez,12000,IB0800A,EconomyClass,En horario
149,Lena,Castro,25000,IB0800A,EconomyClass,En horario
150,Dot,Pizarro,18000,IB0800A,EconomyClass,En horario
151,Meryl,Álvarez,12000,IB0800A,EconomyClass,En horario
152,Babbie,Vásquez,15000,IB0800A,EconomyClass,En horario
153,Byram,Sánchez,42000,IB0800A,EconomyClass,En horario
154,Bertine,Fernández,25000,IB0800A,EconomyClass,En horario
155,Osbert,Ramírez,42000,IB0800A,EconomyClass,En horario
156,Tanny,Carrasco,42000,IB0800A,EconomyClass,En horario
157,Maryjo,Gómez,12000,IB0800A,EconomyClass,En horario
158,Clarie,Cortés,42000,IB0800A,EconomyClass,En horario
159,Kipp,Herrera,15000,IB0800A,EconomyClass,En horario
160,Leonie,Núñez,50000,IB0800A,EconomyClass,En horario
161,Ferdie,Jara,15000,IB0800A,EconomyClass,En horario
162,Ofella,Vergara,50000,IB0800A,EconomyClass,En horario
163,Pascale,Rivera,15000,IB0800A,EconomyClass,En horario
164,Cathrin,Figueroa,30000,IB0800A,EconomyClass,En horario
165,Sib,Riquelme,33000,IB0800A,EconomyClass,En horario
166,Darleen,García,42000,IB0800A,EconomyClass,En horario
167,Didi,Miranda,15000,IB0800A,EconomyClass,En horario
168,Lodovico,Bravo,18000,IB0800A,EconomyClass,En horario
169,Farley,Vera,12000,IB0800A,EconomyClass,En horario
170,Devi,Molina,25000,IB0800A,EconomyClass,En horario
171,Clair,Vega,37000,IB0800A,EconomyClass,En horario
172,Addy,Campos,33000,IB0800A,EconomyClass,En horario
173,Brandon,Sandoval,18000,IB0800A,EconomyClass,En horario
174,Prentiss,Orellana,30000,IB0800A,EconomyClass,En horario
175,Lorant,Cárdenas,50000,MM0987B,ExecutiveClass,Aterrizado
176,Wanids,Olivares,30000,MM0987B,ExecutiveClass,Aterrizado
177,Robbi,Alarcón,10000,MM0987B,ExecutiveClass,Aterrizado
178,Mellicent,Gallardo,50000,MM0987B,ExecutiveClass,Aterrizado
179,Lynea,Ortiz,20000,MM0987B,ExecutiveClass,Aterrizado
180,Nial,Garrido,15000,MM0987B,ExecutiveClass,Aterrizado
181,Guillaume,Salazar,37000,MM0987B,ExecutiveClass,Aterrizado
182,Loutitia,Guzmán,25000,MM0987B,ExecutiveClass,Aterrizado
183,Ruthe,Henríquez,30000,MM0987B,ExecutiveClass,Aterrizado
184,Eric,Saavedra,50000,MM0987B,ExecutiveClass,Aterrizado
185,Marcellus,Navarro,30000,MM0987B,ExecutiveClass,Aterrizado
186,Ian,Aguilera,42000,MM0987B,ExecutiveClass,Aterrizado
187,Sebastien,Parra,37000,MM0987B,ExecutiveClass,Aterrizado
188,Scarface,Romero,50000,MM0987B,ExecutiveClass,Aterrizado
189,Maible,Aravena,18000,MM0987B,ExecutiveClass,Aterrizado
190,Waldon,Vargas,30000,MM0987B,ExecutiveClass,Aterrizado
191,Bethina,Vázquez,15000,MM0987B,ExecutiveClass,Aterrizado
192,Farand,Cáceres,42000,MM0987B,ExecutiveClass,Aterrizado
193,Zolly,Yáñez,25000,MM0987B,ExecutiveClass,Aterrizado
194,Philipa,Leiva,42000,TU6789B,FirstClass,Aterrizado
195,Roderigo,Escobar,20000,BA2491A,ExecutiveClass,Aterrizado
196,Otho,Ruiz,20000,BA2491A,ExecutiveClass,Aterrizado
197,Alasteir,Valdés,20000,BA2491A,ExecutiveClass,Aterrizado
198,Eleonora,Vidal,42000,BA2491A,EconomyClass,En horario
199,Eliot,Salinas,12000,BA2491A,EconomyClass,En horario
200,Alana,Zúñiga,30000,BA2491A,EconomyClass,En horario
201,Odey,Peña,20000,BA2491A,EconomyClass,En horario
202,Yorke,Godoy,15000,BA2491A,EconomyClass,En horario
203,Cissiee,Lagos,18000,BA2491A,EconomyClass,En horario
204,Jillana,Maldonado,18000,BA2491A,EconomyClass,En horario
205,Mallorie,Bustos,30000,TU6789B,FirstClass,Aterrizado
206,Borden,Medina,12000,TU6789B,FirstClass,Aterrizado
207,Maddie,Pino,33000,TU6789B,FirstClass,Aterrizado
208,Weider,Palma,50000,TU6789B,FirstClass,Aterrizado
209,Asia,Moreno,37000,TU6789B,FirstClass,Aterrizado
210,Sayres,Sanhueza,10000,TU6789B,FirstClass,Aterrizado
211,Marcile,Carvajal,30000,TU6789B,FirstClass,Aterrizado
212,Thomasina,Navarrete,42000,TU6789B,FirstClass,Aterrizado
213,Darwin,Sáez,18000,TU6789B,FirstClass,Aterrizado
214,Nicolina,Alvarado,30000,TU6789B,FirstClass,Aterrizado
215,Nita,Donoso,12000,TU6789B,FirstClass,Aterrizado
216,Nikoletta,Poblete,12000,TU6789B,FirstClass,Aterrizado
217,Dwight,Bustamante,42000,TU6789B,FirstClass,Aterrizado
218,Romola,Toro,50000,TU6789B,FirstClass,Aterrizado
219,Kaile,Ortega,33000,TU6789B,FirstClass,Aterrizado
220,Mozes,Venegas,25000,TU6789B,FirstClass,Aterrizado
221,Aylmer,Guerrero,33000,TU6789B,FirstClass,Aterrizado
222,Marina,Mendoza,12000,TU6789B,FirstClass,Aterrizado
223,Enrico,Farías,50000,TU6789B,FirstClass,Aterrizado
224,Zonda,San Martín,33000,TU6789B,FirstClass,Aterrizado
225,Adriano,González,33000,TU6789B,FirstClass,Aterrizado
226,Trula,Fernández,30000,TU6789B,FirstClass,Aterrizado
227,Adel,Rodríguez,30000,TU6789B,FirstClass,Aterrizado
228,Jeniece,López,15000,TU6789B,FirstClass,Aterrizado
229,Tabina,Martínez,10000,TU6789B,FirstClass,Aterrizado
230,Liana,Sánchez,33000,TU6789B,FirstClass,Aterrizado
231,Marmaduke,Pérez,10000,BA2491A,EconomyClass,En horario
232,Alla,Gómez,30000,BA2491A,EconomyClass,En horario
233,Peter,Martín,12000,BA2491A,EconomyClass,En horario
234,Pietro,Jiménez,18000,BA2491A,EconomyClass,En horario
235,Hiram,Ruiz,20000,BA2491A,EconomyClass,En horario
236,Anastasia,Hernández,18000,BA2491A,EconomyClass,En horario
237,Cathleen,Díaz,10000,TU6789B,FirstClass,Aterrizado
238,Leeanne,Moreno,15000,TU6789B,FirstClass,Aterrizado
239,Chet,Álvarez,42000,TU6789B,FirstClass,Aterrizado
240,Billie,Muñoz,37000,TU6789B,FirstClass,Aterrizado
241,Alexandra,Romero,42000,TU6789B,FirstClass,Aterrizado
242,Broddie,Alonso,42000,TU6789B,ExecutiveClass,Aterrizado
243,Brigham,Gutiérrez,25000,TU6789B,ExecutiveClass,Aterrizado
244,Cal,Navarro,42000,TU6789B,ExecutiveClass,Aterrizado
245,Donal,Torres,18000,TU6789B,ExecutiveClass,Aterrizado
246,Adam,Domínguez,20000,TU6789B,ExecutiveClass,Aterrizado
247,Dotty,Vázquez,42000,TU6789B,ExecutiveClass,Aterrizado
248,Maynard,Ramos,18000,TU6789B,ExecutiveClass,Aterrizado
249,Jessee,González,30000,TU6789B,ExecutiveClass,Aterrizado
250,Tiphani,Muñoz,42000,TU6789B,ExecutiveClass,Aterrizado
251,Jenna,Rojas,30000,TU6789B,ExecutiveClass,Aterrizado
252,Karlotte,Díaz,20000,BA2491A,EconomyClass,En horario
253,Norene,Pérez,25000,BA2491A,EconomyClass,En horario
254,Morris,Soto,10000,BA2491A,EconomyClass,En horario
255,Yuri,Contreras,25000,BA2491A,EconomyClass,En horario
256,Gusty,Silva,10000,BA2491A,EconomyClass,En horario
257,Jori,Martínez,12000,BA2491A,EconomyClass,En horario
258,Sydelle,Sepúlveda,30000,BA2491A,EconomyClass,En horario
259,Merrile,Morales,50000,BA2491A,EconomyClass,En horario
260,Tadd,Rodríguez,50000,TU6789B,ExecutiveClass,Aterrizado
261,Josiah,López,10000,TU6789B,ExecutiveClass,Aterrizado
262,Melisa,Fuentes,12000,TU6789B,ExecutiveClass,Aterrizado
263,Orelee,Hernández,20000,TU6789B,ExecutiveClass,Aterrizado
264,Stephen,Torres,37000,TU6789B,ExecutiveClass,Aterrizado
265,Blair,Araya,50000,TU6789B,ExecutiveClass,Aterrizado
266,Arel,Flores,30000,TU6789B,ExecutiveClass,Aterrizado
267,Abbie,Espinoza,25000,TU6789B,ExecutiveClass,Aterrizado
268,Channa,Valenzuela,50000,TU6789B,ExecutiveClass,Aterrizado
269,Shirl,Castillo,20000,TU6789B,ExecutiveClass,Aterrizado
270,Edlin,Tapia,20000,TU6789B,ExecutiveClass,Aterrizado
271,Larina,Reyes,18000,TU6789B,ExecutiveClass,Aterrizado
272,Duncan,Gutiérrez,37000,TU6789B,ExecutiveClass,Aterrizado
273,Bond,Castro,10000,TU6789B,ExecutiveClass,Aterrizado
274,Dyann,Pizarro,50000,TU6789B,ExecutiveClass,Aterrizado
275,Charmian,Álvarez,15000,TU6789B,ExecutiveClass,Aterrizado
276,Dru,Vásquez,50000,TU6789B,ExecutiveClass,Aterrizado
277,Kiel,Sánchez,50000,TU6789B,ExecutiveClass,Aterrizado
278,Emory,Fernández,15000,TU6789B,ExecutiveClass,Aterrizado
279,Alberik,Ramírez,50000,TU6789B,ExecutiveClass,Aterrizado
280,Koenraad,Carrasco,20000,TU6789B,ExecutiveClass,Aterrizado
281,Rafaellle,Gómez,50000,TU6789B,ExecutiveClass,Aterrizado
282,Edie,Cortés,25000,TU6789B,ExecutiveClass,Aterrizado
283,Osbert,Herrera,15000,TU6789B,ExecutiveClass,Aterrizado
284,Sidonia,Núñez,10000,TU6789B,ExecutiveClass,Aterrizado
285,Bartel,Jara,37000,TU6789B,ExecutiveClass,Aterrizado
286,Jodi,Vergara,30000,BA2491A,EconomyClass,En horario
287,Ofelia,Rivera,30000,BA2491A,EconomyClass,En horario
288,Dudley,Figueroa,42000,BA2491A,EconomyClass,En horario
289,Dulcea,Riquelme,25000,BA2491A,EconomyClass,En horario
290,Gordon,García,25000,BA2491A,EconomyClass,En horario
291,Chalmers,Miranda,10000,BA2491A,EconomyClass,En horario
292,Christiano,Bravo,50000,BA2491A,EconomyClass,En horario
293,Russell,Vera,50000,BA2491A,EconomyClass,En horario
294,Cleo,Molina,50000,BA2491A,EconomyClass,En horario
295,Catriona,Vega,42000,TU6789B,ExecutiveClass,Aterrizado
296,Leigh,Campos,37000,TU6789B,ExecutiveClass,Aterrizado
297,Ddene,Sandoval,12000,TU6789B,ExecutiveClass,Aterrizado
298,Sayre,Orellana,18000,TU6789B,EconomyClass,En horario
299,Jody,Cárdenas,33000,TU6789B,EconomyClass,En horario
300,Zabrina,Olivares,12000,TU6789B,EconomyClass,En horario
301,Cos,Alarcón,30000,TU6789B,EconomyClass,En horario
302,Ron,Gallardo,20000,TU6789B,EconomyClass,En horario
303,Charin,Ortiz,12000,TU6789B,EconomyClass,En horario
304,Coleman,Garrido,33000,TU6789B,EconomyClass,En horario
305,Jacinda,Salazar,50000,TU6789B,EconomyClass,En horario
306,Silvan,Guzmán,12000,TU6789B,EconomyClass,En horario
307,Renie,Henríquez,33000,TU6789B,EconomyClass,En horario
308,Davide,Saavedra,42000,TU6789B,EconomyClass,En horario
309,Ernestus,Navarro,12000,TU6789B,EconomyClass,En horario
310,Brnaba,Aguilera,37000,TU6789B,EconomyClass,En horario
311,Tabor,Parra,37000,TU6789B,EconomyClass,En horario
312,Lenci,Romero,42000,TU6789B,EconomyClass,En horario
313,Franchot,Aravena,12000,TU6789B,EconomyClass,En horario
314,Charisse,Vargas,50000,TU6789B,EconomyClass,En horario
315,Timothea,Vázquez,20000,TU6789B,EconomyClass,En horario
316,Angelika,Cáceres,50000,BA2491A,EconomyClass,En horario
317,Web,Yáñez,37000,BA2491A,EconomyClass,En horario
318,Urban,Leiva,10000,BA2491A,EconomyClass,En horario
319,Fan,Escobar,18000,BA2491A,EconomyClass,En horario
320,Donaugh,Ruiz,12000,BA2491A,EconomyClass,En horario
321,Wilona,Valdés,25000,BA2491A,EconomyClass,En horario
322,Richard,Vidal,42000,BA2491A,EconomyClass,En horario
323,Hilary,Salinas,37000,BA2491A,EconomyClass,En horario
324,Ad,Zúñiga,33000,BA2491A,EconomyClass,En horario
325,Maynord,Peña,42000,BA2491A,EconomyClass,En horario
326,Lina,Godoy,12000,TU6789B,EconomyClass,En horario
327,Nerty,Lagos,20000,TU6789B,EconomyClass,En horario
328,Matias,Maldonado,33000,TU6789B,EconomyClass,En horario
329,Urbano,Bustos,50000,TU6789B,EconomyClass,En horario
330,Rosemarie,Medina,33000,TU6789B,EconomyClass,En horario
331,Booth,Pino,15000,TU6789B,EconomyClass,En horario
332,Eden,Palma,18000,TU6789B,EconomyClass,En horario
333,Cornie,Moreno,15000,TU6789B,EconomyClass,En horario
334,Isak,Sanhueza,20000,TU6789B,EconomyClass,En horario
335,Rand,Carvajal,20000,TU6789B,EconomyClass,En horario
336,Dominique,Navarrete,37000,TU6789B,EconomyClass,En horario
337,Lira,Sáez,30000,TU6789B,EconomyClass,En horario
338,Filbert,Alvarado,20000,TU6789B,EconomyClass,En horario
339,Nona,Donoso,30000,TU6789B,EconomyClass,En horario
340,Melloney,Poblete,33000,TU6789B,EconomyClass,En horario
341,Rafaello,Bustamante,37000,TU6789B,EconomyClass,En horario
342,Floria,Toro,12000,TU6789B,EconomyClass,En horario
343,Johannes,Ortega,18000,TU6789B,EconomyClass,En horario
344,Genevra,Venegas,10000,TU6789B,EconomyClass,En horario
345,Aldric,Guerrero,50000,TU6789B,EconomyClass,En horario
346,Janeta,Mendoza,10000,TU6789B,EconomyClass,En horario
347,Tarra,Farías,12000,TU6789B,EconomyClass,En horario
348,Jefferey,San Martín,33000,TU6789B,EconomyClass,En horario
349,Cassie,González,50000,TU6789B,EconomyClass,En horario
350,Maiga,Fernández,20000,TU6789B,EconomyClass,En horario
351,Heddi,Rodríguez,20000,TU6789B,EconomyClass,En horario
352,Marieann,López,50000,TU6789B,EconomyClass,En horario
353,Carita,Martínez,42000,TU6789B,EconomyClass,En horario
354,Kurtis,Sánchez,50000,TU6789B,EconomyClass,En horario
355,Wilfred,Pérez,20000,TU6789B,EconomyClass,En horario
356,Isabelle,Gómez,20000,TU6789B,EconomyClass,En horario
357,Nisse,Martín,37000,TU6789B,EconomyClass,En horario
358,Ula,Jiménez,50000,TU6789B,EconomyClass,En horario
359,Tully,Ruiz,18000,TU6789B,EconomyClass,En horario
360,Honor,Hernández,30000,TU6789B,EconomyClass,En horario
361,Sinclair,Díaz,50000,TU6789B,EconomyClass,En horario
362,Buddy,Moreno,50000,TU6789B,EconomyClass,En horario
363,Neilla,Álvarez,50000,TU6789B,EconomyClass,En horario
364,Junie,Muñoz,20000,TU6789B,EconomyClass,En horario
365,Neely,Romero,20000,TU6789B,EconomyClass,En horario
366,Klarrisa,Alonso,18000,TU6789B,EconomyClass,En horario
367,Maryellen,Gutiérrez,37000,TU6789B,EconomyClass,En horario
368,Clywd,Navarro,33000,TU6789B,EconomyClass,En horario
369,Deni,Torres,42000,TU6789B,EconomyClass,En horario
370,Ingrim,Domínguez,30000,TU6789B,EconomyClass,En horario
371,Franni,Vázquez,42000,TU6789B,EconomyClass,En horario
372,Andy,Ramos,37000,TU6789B,EconomyClass,En horario
373,Veronica,González,42000,TU6789B,EconomyClass,En horario
374,Dalis,Muñoz,42000,TU6789B,EconomyClass,En horario
375,Nanni,Rojas,25000,BA2491A,EconomyClass,En horario
376,Vikky,Díaz,15000,BA2491A,EconomyClass,En horario
377,Hussein,Pérez,25000,BA2491A,EconomyClass,En horario
378,Brigg,Soto,10000,BA2491A,EconomyClass,En horario
379,Crawford,Contreras,12000,BA2491A,EconomyClass,En horario
380,Fran,Silva,30000,BA2491A,EconomyClass,En horario
381,Silas,Martínez,15000,BA2491A,EconomyClass,En horario
382,Alister,Sepúlveda,33000,BA2491A,EconomyClass,En horario
383,George,Morales,15000,TU6789B,EconomyClass,En horario
384,Nonnah,Rodríguez,25000,TU6789B,EconomyClass,En horario
385,Gayel,López,20000,TU6789B,EconomyClass,En horario
386,Demeter,Fuentes,10000,TU6789B,EconomyClass,En horario
387,Juliann,Hernández,50000,TU6789B,EconomyClass,En horario
388,Shauna,Torres,25000,TU6789B,EconomyClass,En horario
389,Anna-maria,Araya,42000,TU6789B,EconomyClass,En horario
390,Ag,Flores,50000,TU6789B,EconomyClass,En horario
391,Sherwin,Espinoza,50000,MM0987B,ExecutiveClass,Aterrizado
392,Vikki,Valenzuela,33000,MM0987B,ExecutiveClass,Aterrizado
393,Barret,Castillo,10000,MM0987B,ExecutiveClass,Aterrizado
394,Gaelan,Tapia,25000,MM0987B,ExecutiveClass,Aterrizado
395,Livy,Reyes,20000,MM0987B,ExecutiveClass,Aterrizado
396,Iorgos,Gutiérrez,18000,MM0987B,ExecutiveClass,Aterrizado
397,Charil,Castro,33000,MM0987B,ExecutiveClass,Aterrizado
398,Easter,Pizarro,30000,MM0987B,ExecutiveClass,Aterrizado
399,Esdras,Álvarez,37000,MM0987B,ExecutiveClass,Aterrizado
400,Prince,Vásquez,25000,MM0987B,EconomyClass,En horario
401,Vail,Sánchez,33000,MM0987B,EconomyClass,En horario
402,Rachel,Fernández,12000,MM0987B,EconomyClass,En horario
403,Bar,Ramírez,20000,TU6789B,EconomyClass,En horario
404,Willa,Carrasco,30000,TU6789B,EconomyClass,En horario
405,Amerigo,Gómez,33000,TU6789B,EconomyClass,En horario
406,Fredric,Cortés,50000,TU6789B,EconomyClass,En horario
407,Mikael,Herrera,50000,TU6789B,EconomyClass,En horario
408,Benson,Núñez,20000,TU6789B,EconomyClass,En horario
409,Sileas,Jara,20000,TU6789B,EconomyClass,En horario
410,Fidelia,Vergara,12000,TU6789B,EconomyClass,En horario
411,Frayda,Rivera,30000,TU6789B,EconomyClass,En horario
412,Babita,Figueroa,30000,TU6789B,EconomyClass,En horario
413,Clair,Riquelme,42000,TU6789B,EconomyClass,En horario
414,Morie,García,12000,TU6789B,EconomyClass,En horario
415,Skylar,Miranda,20000,TU6789B,EconomyClass,En horario
416,Dennie,Bravo,42000,TU6789B,EconomyClass,En horario
417,Sibley,Vera,20000,TU6789B,EconomyClass,En horario
418,Addia,Molina,20000,TU6789B,EconomyClass,En horario
419,Ed,Vega,18000,TU6789B,EconomyClass,En horario
420,Lothaire,Campos,12000,TU6789B,EconomyClass,En horario
421,Neila,Sandoval,15000,TU6789B,EconomyClass,En horario
422,Jennifer,Orellana,15000,GU2345F,FirstClass,Aterrizado
423,Keelby,Cárdenas,15000,GU2345F,FirstClass,Aterrizado
424,Chuck,Olivares,33000,GU2345F,FirstClass,Aterrizado
425,Jordan,Alarcón,33000,GU2345F,FirstClass,Aterrizado
426,Minnnie,Gallardo,20000,GU2345F,FirstClass,Aterrizado
427,Carine,Ortiz,33000,GU2345F,FirstClass,Aterrizado
428,Kelly,Garrido,37000,GU2345F,FirstClass,Aterrizado
429,Coleman,Salazar,25000,GU2345F,FirstClass,Aterrizado
430,Pincus,Guzmán,42000,GU2345F,FirstClass,Aterrizado
431,Smitty,Henríquez,15000,GU2345F,FirstClass,Aterrizado
432,Wade,Saavedra,12000,GU2345F,FirstClass,Aterrizado
433,Emmit,Navarro,12000,GU2345F,FirstClass,Aterrizado
434,Brietta,Aguilera,42000,GU2345F,FirstClass,Aterrizado
435,Wesley,Parra,10000,GU2345F,FirstClass,Aterrizado
436,Felicdad,Romero,18000,GU2345F,FirstClass,Aterrizado
437,Any,Aravena,18000,GU2345F,FirstClass,Aterrizado
438,Gardie,Vargas,12000,GU2345F,FirstClass,Aterrizado
439,Leelah,Vázquez,25000,GU2345F,FirstClass,Aterrizado
440,Garold,Cáceres,20000,GU2345F,FirstClass,Aterrizado
441,Regine,Yáñez,10000,GU2345F,FirstClass,Aterrizado
442,Tam,Leiva,20000,GU2345F,ExecutiveClass,Aterrizado
443,Davon,Escobar,20000,GU2345F,ExecutiveClass,Aterrizado
444,Chrissy,Ruiz,18000,GU2345F,ExecutiveClass,Aterrizado
445,Ozzie,Valdés,20000,GU2345F,ExecutiveClass,Aterrizado
446,Rina,Vidal,20000,GU2345F,ExecutiveClass,Aterrizado
447,Guy,Salinas,42000,GU2345F,ExecutiveClass,Aterrizado
448,Lenora,Zúñiga,18000,GU2345F,ExecutiveClass,Aterrizado
449,Julietta,Peña,42000,GU2345F,ExecutiveClass,Aterrizado
450,Alexandr,Godoy,18000,GU2345F,ExecutiveClass,Aterrizado
451,Margalit,Lagos,15000,GU2345F,ExecutiveClass,Aterrizado
452,Samara,Maldonado,50000,GU2345F,ExecutiveClass,Aterrizado
453,Portie,Bustos,15000,GU2345F,ExecutiveClass,Aterrizado
454,Korella,Medina,33000,GU2345F,ExecutiveClass,Aterrizado
455,Hilly,Pino,30000,GU2345F,ExecutiveClass,Aterrizado
456,Leeanne,Palma,10000,GU2345F,ExecutiveClass,Aterrizado
457,Arnaldo,Moreno,10000,GU2345F,ExecutiveClass,Aterrizado
458,Kassi,Sanhueza,37000,GU2345F,ExecutiveClass,Aterrizado
459,Karen,Carvajal,20000,GU2345F,ExecutiveClass,Aterrizado
460,Mac,Navarrete,20000,GU2345F,ExecutiveClass,Aterrizado
461,Anthia,Sáez,37000,GU2345F,ExecutiveClass,Aterrizado
462,Marsiella,Alvarado,20000,GU2345F,ExecutiveClass,Aterrizado
463,Shea,Donoso,12000,GU2345F,ExecutiveClass,Aterrizado
464,Liana,Poblete,15000,GU2345F,ExecutiveClass,Aterrizado
465,Carley,Bustamante,12000,GU2345F,ExecutiveClass,Aterrizado
466,Carlye,Toro,37000,GU2345F,ExecutiveClass,Aterrizado
467,Svend,Ortega,25000,GU2345F,ExecutiveClass,Aterrizado
468,Kendell,Venegas,25000,GU2345F,ExecutiveClass,Aterrizado
469,Chrisy,Guerrero,15000,GU2345F,ExecutiveClass,Aterrizado
470,Rod,Mendoza,50000,GU2345F,ExecutiveClass,Aterrizado
471,Ramsay,Farías,20000,GU2345F,ExecutiveClass,Aterrizado
472,Saidee,San Martín,50000,GU2345F,ExecutiveClass,Aterrizado
473,Erek,González,10000,GU2345F,ExecutiveClass,Aterrizado
474,Salomi,Fernández,10000,GU2345F,ExecutiveClass,Aterrizado
475,Coletta,Rodríguez,50000,GU2345F,ExecutiveClass,Aterrizado
476,Abigael,López,12000,GU2345F,ExecutiveClass,Aterrizado
477,Mariele,Martínez,33000,GU2345F,EconomyClass,En horario
478,Brooke,Sánchez,20000,GU2345F,EconomyClass,En horario
479,Benita,Pérez,25000,GU2345F,EconomyClass,En horario
480,Marissa,Gómez,37000,GU2345F,EconomyClass,En horario
481,Lionello,Martín,37000,GU2345F,EconomyClass,En horario
482,Tori,Jiménez,42000,GU2345F,EconomyClass,En horario
483,Micheil,Ruiz,37000,GU2345F,EconomyClass,En horario
484,Kym,Hernández,20000,GU2345F,EconomyClass,En horario
485,Melisse,Díaz,10000,GU2345F,EconomyClass,En horario
486,Bartholomew,Moreno,33000,GU2345F,EconomyClass,En horario
487,Rorie,Álvarez,25000,GU2345F,EconomyClass,En horario
488,Hedvige,Muñoz,37000,GU2345F,EconomyClass,En horario
489,Dorothea,Romero,15000,GU2345F,EconomyClass,En horario
490,Tamarah,Alonso,50000,GU2345F,EconomyClass,En horario
491,Skipton,Gutiérrez,10000,GU2345F,EconomyClass,En horario
492,Minny,Navarro,33000,GU2345F,EconomyClass,En horario
493,Joshia,Torres,33000,GU2345F,EconomyClass,En horario
494,Mirilla,Domínguez,30000,GU2345F,EconomyClass,En horario
495,Willey,Vázquez,15000,GU2345F,EconomyClass,En horario
496,Conrado,Ramos,50000,GU2345F,EconomyClass,En horario
497,Fredia,González,30000,GU2345F,EconomyClass,En horario
498,Gretchen,Muñoz,12000,GU2345F,EconomyClass,En horario
499,Bibbie,Rojas,37000,GU2345F,EconomyClass,En horario
500,Warren,Díaz,25000,GU2345F,EconomyClass,En horario
501,Gabi,Pérez,30000,GU2345F,EconomyClass,En horario
502,Callie,Soto,50000,GU2345F,EconomyClass,En horario
503,Patton,Contreras,15000,GU2345F,EconomyClass,En horario
504,Karie,Silva,25000,GU2345F,EconomyClass,En horario
505,Martguerita,Martínez,50000,GU2345F,EconomyClass,En horario
506,Lothaire,Sepúlveda,20000,GU2345F,EconomyClass,En horario
507,Patrice,Morales,37000,GU2345F,EconomyClass,En horario
508,Lin,Rodríguez,12000,MM0987B,EconomyClass,En horario
509,Cornie,López,42000,MM0987B,EconomyClass,En horario
510,Irena,Fuentes,20000,MM0987B,EconomyClass,En horario
511,Markos,Hernández,20000,MM0987B,EconomyClass,En horario
512,Bird,Torres,18000,MM0987B,EconomyClass,En horario
513,Lorna,Araya,42000,MM0987B,EconomyClass,En horario
514,Vincents,Flores,25000,MM0987B,EconomyClass,En horario
515,Torrey,Espinoza,42000,GU2345F,EconomyClass,En horario
516,Pernell,Valenzuela,50000,GU2345F,EconomyClass,En horario
517,Danya,Castillo,25000,GU2345F,EconomyClass,En horario
518,Erda,Tapia,37000,GU2345F,EconomyClass,En horario
519,Ethe,Reyes,20000,GU2345F,EconomyClass,En horario
520,Coop,Gutiérrez,37000,GU2345F,EconomyClass,En horario
521,Sheridan,Castro,50000,GU2345F,EconomyClass,En horario
522,Charles,Pizarro,42000,GU2345F,EconomyClass,En horario
523,Eddy,Álvarez,12000,GU2345F,EconomyClass,En horario
524,Janey,Vásquez,42000,GU2345F,EconomyClass,En horario
525,Edan,Sánchez,20000,GU2345F,EconomyClass,En horario
526,Homer,Fernández,10000,GU2345F,EconomyClass,En horario
527,Eveline,Ramírez,37000,GU2345F,EconomyClass,En horario
528,Helen-elizabeth,Carrasco,20000,GU2345F,EconomyClass,En horario
529,Daveta,Gómez,20000,GU2345F,EconomyClass,En horario
530,Mort,Cortés,42000,GU2345F,EconomyClass,En horario
531,Maxi,Herrera,37000,GU2345F,EconomyClass,En horario
532,Nathalie,Núñez,37000,GU2345F,EconomyClass,En horario
533,Dennison,Jara,25000,GU2345F,EconomyClass,En horario
534,Bunnie,Vergara,33000,GU2345F,EconomyClass,En horario
535,Frans,Rivera,33000,BA2491A,EconomyClass,En horario
536,Delmar,Figueroa,42000,BA2491A,EconomyClass,En horario
537,Ced,Riquelme,20000,BA2491A,EconomyClass,En horario
538,Caren,García,12000,BA2491A,EconomyClass,En horario
539,Christie,Miranda,18000,BA2491A,EconomyClass,En horario
540,Saunders,Bravo,25000,BA2491A,EconomyClass,En horario
541,Deny,Vera,18000,GU2345F,EconomyClass,En horario
542,Gene,Molina,15000,GU2345F,EconomyClass,En horario
543,Margeaux,Vega,18000,GU2345F,EconomyClass,En horario
544,Prisca,Campos,18000,GU2345F,EconomyClass,En horario
545,Domini,Sandoval,18000,GU2345F,EconomyClass,En horario
546,Henrie,Orellana,50000,GU2345F,EconomyClass,En horario
547,Marj,Cárdenas,18000,GU2345F,EconomyClass,En horario
548,Mab,Olivares,25000,GU2345F,EconomyClass,En horario
549,Josiah,Alarcón,12000,GU2345F,EconomyClass,En horario
550,Mathe,Gallardo,12000,GU2345F,EconomyClass,En horario
551,Gauthier,Ortiz,12000,GU2345F,EconomyClass,En horario
552,Delmore,Garrido,33000,GU2345F,EconomyClass,En horario
553,Lynett,Salazar,37000,GU2345F,EconomyClass,En horario
554,Lucais,Guzmán,42000,GU2345F,EconomyClass,En horario
555,Clarice,Henríquez,33000,GU2345F,EconomyClass,En horario
556,Aeriela,Saavedra,37000,GU2345F,EconomyClass,En horario
557,Babbie,Navarro,15000,GU2345F,EconomyClass,En horario
558,Caren,Aguilera,15000,GU2345F,EconomyClass,En horario
559,Jessamine,Parra,18000,GU2345F,EconomyClass,En horario
560,Hesther,Romero,15000,GU2345F,EconomyClass,En horario
561,Sasha,Aravena,15000,GU2345F,EconomyClass,En horario
562,Erica,Vargas,10000,GU2345F,EconomyClass,En horario
563,Keith,Vázquez,10000,GU2345F,EconomyClass,En horario
564,Briney,Cáceres,12000,GU2345F,EconomyClass,En horario
565,Rutherford,Yáñez,15000,GU2345F,EconomyClass,En horario
566,Lemmie,Leiva,18000,GU2345F,EconomyClass,En horario
567,Dur,Escobar,25000,GU2345F,EconomyClass,En horario
568,Modesta,Ruiz,33000,GU2345F,EconomyClass,En horario
569,Carter,Valdés,33000,GU2345F,EconomyClass,En horario
570,Retha,Vidal,15000,GU2345F,EconomyClass,En horario
571,Carma,Salinas,33000,GU2345F,EconomyClass,En horario
572,Antonella,Zúñiga,15000,GU2345F,EconomyClass,En horario
573,Sutherlan,Peña,10000,GU2345F,EconomyClass,En horario
574,Phillipe,Godoy,37000,GU2345F,EconomyClass,En horario
575,Florida,Lagos,37000,HY4567D,FirstClass,Aterrizado
576,Corrina,Maldonado,15000,HY4567D,FirstClass,Aterrizado
577,Adrianne,Bustos,10000,HY4567D,FirstClass,Aterrizado
578,Scarlett,Medina,20000,HY4567D,FirstClass,Aterrizado
579,Shel,Pino,25000,HY4567D,FirstClass,Aterrizado
580,Delaney,Palma,50000,HY4567D,FirstClass,Aterrizado
581,Tiphani,Moreno,33000,HY4567D,FirstClass,Aterrizado
582,Grier,Sanhueza,42000,HY4567D,FirstClass,Aterrizado
583,Annabell,Carvajal,15000,HY4567D,FirstClass,Aterrizado
584,Basil,Navarrete,12000,HY4567D,FirstClass,Aterrizado
585,Horatius,Sáez,18000,HY4567D,FirstClass,Aterrizado
586,Umeko,Alvarado,30000,HY4567D,FirstClass,Aterrizado
587,Hayes,Donoso,10000,HY4567D,FirstClass,Aterrizado
588,Lynnette,Poblete,37000,HY4567D,FirstClass,Aterrizado
589,Hesther,Bustamante,33000,HY4567D,FirstClass,Aterrizado
590,Trumaine,Toro,15000,HY4567D,FirstClass,Aterrizado
591,Emlyn,Ortega,50000,HY4567D,FirstClass,Aterrizado
592,Corabelle,Venegas,37000,HY4567D,FirstClass,Aterrizado
593,Vic,Guerrero,25000,HY4567D,FirstClass,Aterrizado
594,Cyndia,Mendoza,33000,HY4567D,FirstClass,Aterrizado
595,Gray,Farías,42000,HY4567D,FirstClass,Aterrizado
596,Dylan,San Martín,30000,HY4567D,FirstClass,Aterrizado
597,Isabelle,González,20000,HY4567D,FirstClass,Aterrizado
598,Eachelle,Fernández,37000,HY4567D,FirstClass,Aterrizado
599,Howard,Rodríguez,18000,HY4567D,FirstClass,Aterrizado
600,Cornall,López,18000,HY4567D,FirstClass,Aterrizado
601,Emmalee,Martínez,18000,HY4567D,FirstClass,Aterrizado
602,Brian,Sánchez,20000,HY4567D,FirstClass,Aterrizado
603,Cahra,Pérez,50000,HY4567D,ExecutiveClass,Aterrizado
604,Arvin,Gómez,50000,HY4567D,ExecutiveClass,Aterrizado
605,Minda,Martín,15000,HY4567D,ExecutiveClass,Aterrizado
606,Dedie,Jiménez,33000,HY4567D,ExecutiveClass,Aterrizado
607,Lydia,Ruiz,15000,HY4567D,ExecutiveClass,Aterrizado
608,Joshia,Hernández,25000,HY4567D,ExecutiveClass,Aterrizado
609,Bernita,Díaz,15000,HY4567D,ExecutiveClass,Aterrizado
610,Sayre,Moreno,33000,HY4567D,ExecutiveClass,Aterrizado
611,Pearla,Álvarez,20000,HY4567D,ExecutiveClass,Aterrizado
612,Fidole,Muñoz,30000,HY4567D,ExecutiveClass,Aterrizado
613,Evin,Romero,12000,HY4567D,ExecutiveClass,Aterrizado
614,Fredia,Alonso,20000,HY4567D,ExecutiveClass,Aterrizado
615,Idalina,Gutiérrez,50000,HY4567D,ExecutiveClass,Aterrizado
616,Hetti,Navarro,30000,HY4567D,ExecutiveClass,Aterrizado
617,Kirk,Torres,30000,HY4567D,ExecutiveClass,Aterrizado
618,Orson,Domínguez,25000,HY4567D,ExecutiveClass,Aterrizado
619,Lyndsay,Vázquez,42000,HY4567D,ExecutiveClass,Aterrizado
620,Lissy,Ramos,37000,HY4567D,ExecutiveClass,Aterrizado
621,Odessa,González,50000,HY4567D,ExecutiveClass,Aterrizado
622,Hestia,Muñoz,18000,HY4567D,ExecutiveClass,Aterrizado
623,Dorotea,Rojas,10000,HY4567D,ExecutiveClass,Aterrizado
624,Giraud,Díaz,15000,HY4567D,ExecutiveClass,Aterrizado
625,Tonya,Pérez,37000,HY4567D,ExecutiveClass,Aterrizado
626,Menard,Soto,37000,HY4567D,ExecutiveClass,Aterrizado
627,Nicola,Contreras,12000,HY4567D,ExecutiveClass,Aterrizado
628,Maddy,Silva,25000,HY4567D,ExecutiveClass,Aterrizado
629,Mace,Martínez,18000,HY4567D,ExecutiveClass,Aterrizado
630,Lyndy,Sepúlveda,37000,HY4567D,ExecutiveClass,Aterrizado
631,Ivonne,Morales,20000,HY4567D,ExecutiveClass,Aterrizado
632,Josepha,Rodríguez,20000,HY4567D,EconomyClass,En horario
633,Shandra,López,50000,HY4567D,EconomyClass,En horario
634,Viva,Fuentes,25000,HY4567D,EconomyClass,En horario
635,Sherwin,Hernández,10000,HY4567D,EconomyClass,En horario
636,Abigail,Torres,18000,HY4567D,EconomyClass,En horario
637,Rosalia,Araya,18000,HY4567D,EconomyClass,En horario
638,Merissa,Flores,25000,HY4567D,EconomyClass,En horario
639,Marylee,Espinoza,50000,HY4567D,EconomyClass,En horario
640,Wolfy,Valenzuela,33000,HY4567D,EconomyClass,En horario
641,Maia,Castillo,10000,HY4567D,EconomyClass,En horario
642,Elinor,Tapia,33000,HY4567D,EconomyClass,En horario
643,Neron,Reyes,42000,HY4567D,EconomyClass,En horario
644,Malachi,Gutiérrez,25000,HY4567D,EconomyClass,En horario
645,Sarajane,Castro,10000,HY4567D,EconomyClass,En horario
646,Arlie,Pizarro,42000,HY4567D,EconomyClass,En horario
647,Felike,Álvarez,12000,HY4567D,EconomyClass,En horario
648,Ethan,Vásquez,12000,HY4567D,EconomyClass,En horario
649,Ruthy,Sánchez,20000,HY4567D,EconomyClass,En horario
650,Hugo,Fernández,30000,HY4567D,EconomyClass,En horario
651,Thorndike,Ramírez,10000,HY4567D,EconomyClass,En horario
652,Cesaro,Carrasco,30000,HY4567D,EconomyClass,En horario
653,Harmonia,Gómez,12000,HY4567D,EconomyClass,En horario
654,Damara,Cortés,12000,HY4567D,EconomyClass,En horario
655,Maddy,Herrera,25000,HY4567D,EconomyClass,En horario
656,Filmer,Núñez,50000,HY4567D,EconomyClass,En horario
657,Boothe,Jara,12000,HY4567D,EconomyClass,En horario
658,Dorrie,Vergara,42000,HY4567D,EconomyClass,En horario
659,Willdon,Rivera,10000,HY4567D,EconomyClass,En horario
660,Cindi,Figueroa,12000,HY4567D,EconomyClass,En horario
661,Shermie,Riquelme,12000,HY4567D,EconomyClass,En horario
662,Byrom,García,42000,HY4567D,EconomyClass,En horario
663,Millie,Miranda,15000,HY4567D,EconomyClass,En horario
664,Natassia,Bravo,42000,HY4567D,EconomyClass,En horario
665,Wheeler,Vera,25000,HY4567D,EconomyClass,En horario
666,Caritta,Molina,12000,HY4567D,EconomyClass,En horario
667,Kennan,Vega,12000,HY4567D,EconomyClass,En horario
668,Katina,Campos,20000,HY4567D,EconomyClass,En horario
669,Beverlee,Sandoval,25000,HY4567D,EconomyClass,En horario
670,Arlette,Orellana,30000,HY4567D,EconomyClass,En horario
671,Jacqueline,Cárdenas,50000,HY4567D,EconomyClass,En horario
672,Sheila-kathryn,Olivares,10000,HY4567D,EconomyClass,En horario
673,Lambert,Alarcón,42000,HY4567D,EconomyClass,En horario
674,Lamont,Gallardo,33000,HY4567D,EconomyClass,En horario
675,Immanuel,Ortiz,33000,HY4567D,EconomyClass,En horario
676,Nani,Garrido,50000,HY4567D,EconomyClass,En horario
677,Galen,Salazar,50000,HY4567D,EconomyClass,En horario
678,Nilson,Guzmán,10000,HY4567D,EconomyClass,En horario
679,Tomi,Henríquez,50000,HY4567D,EconomyClass,En horario
680,Flore,Saavedra,30000,HY4567D,EconomyClass,En horario
681,Burgess,Navarro,12000,HY4567D,EconomyClass,En horario
682,Tally,Aguilera,42000,HY4567D,EconomyClass,En horario
683,Jaquenette,Parra,25000,HY4567D,EconomyClass,En horario
684,Sly,Romero,42000,HY4567D,EconomyClass,En horario
685,Yul,Aravena,30000,HY4567D,EconomyClass,En horario
686,Rosalyn,Vargas,37000,HY4567D,EconomyClass,En horario
687,Devondra,Vázquez,10000,HY4567D,EconomyClass,En horario
688,Xenos,Cáceres,37000,HY4567D,EconomyClass,En horario
689,Terrence,Yáñez,42000,HY4567D,EconomyClass,En horario
690,Krystyna,Leiva,50000,HY4567D,EconomyClass,En horario
691,Krishna,Escobar,50000,HY4567D,EconomyClass,En horario
692,Zorina,Ruiz,18000,HY4567D,EconomyClass,En horario
693,Baxy,Valdés,20000,HY4567D,EconomyClass,En horario
694,Terrie,Vidal,42000,HY4567D,EconomyClass,En horario
695,Justino,Salinas,18000,HY4567D,EconomyClass,En horario
696,Erhard,Zúñiga,33000,HY4567D,EconomyClass,En horario
697,Robbie,Peña,30000,HY4567D,EconomyClass,En horario
698,Paddie,Godoy,33000,HY4567D,EconomyClass,En horario
699,Evelyn,Lagos,10000,HY4567D,EconomyClass,En horario
700,Abbot,Maldonado,33000,HY4567D,EconomyClass,En horario
701,Tedra,Bustos,33000,HY4567D,EconomyClass,En horario
702,Rikki,Medina,12000,HY4567D,EconomyClass,En horario
703,Alverta,Pino,25000,HY4567D,EconomyClass,En horario
704,Pauly,Palma,30000,HY4567D,EconomyClass,En horario
705,Ariella,Moreno,12000,HY4567D,EconomyClass,En horario
706,Lia,Sanhueza,20000,HY4567D,EconomyClass,En horario
707,Petronille,Carvajal,42000,HY4567D,EconomyClass,En horario
708,Merle,Navarrete,10000,HY4567D,EconomyClass,En horario
709,Hagan,Sáez,50000,HY4567D,EconomyClass,En horario
710,Nikolaus,Alvarado,30000,HY4567D,EconomyClass,En horario
711,Cinda,Donoso,42000,HY4567D,EconomyClass,En horario
712,Matelda,Poblete,18000,HY4567D,EconomyClass,En horario
713,Roslyn,Bustamante,25000,HY4567D,EconomyClass,En horario
714,Jerrylee,Toro,10000,HY4567D,EconomyClass,En horario
715,Lucky,Ortega,42000,IB0800A,EconomyClass,En horario
716,Elita,Venegas,18000,IB0800A,EconomyClass,En horario
717,Hyacinthia,Guerrero,25000,IB0800A,EconomyClass,En horario
718,Fina,Mendoza,42000,IB0800A,EconomyClass,En horario
719,Kamila,Farías,42000,IB0800A,EconomyClass,En horario
720,Jennie,San Martín,42000,IB0800A,EconomyClass,En horario
721,Riobard,González,42000,IB0800A,EconomyClass,En horario
722,Joannes,Fernández,10000,IB0800A,EconomyClass,En horario
723,Darlene,Rodríguez,42000,IB0800A,EconomyClass,En horario
724,Zia,López,42000,IB0800A,EconomyClass,En horario
725,Cristina,Martínez,15000,IB0800A,EconomyClass,En horario
726,Jonathon,Sánchez,50000,IB0800A,EconomyClass,En horario
727,Rickie,Pérez,42000,IB0800A,EconomyClass,En horario
728,Klara,Gómez,50000,IB0800A,EconomyClass,En horario
729,Osbert,Martín,33000,IB0800A,EconomyClass,En horario
730,Emmet,Jiménez,37000,IB0800A,EconomyClass,En horario
731,Cassandry,Ruiz,33000,IB0800A,EconomyClass,En horario
732,Enrica,Hernández,18000,IB0800A,EconomyClass,En horario
733,Evvy,Díaz,42000,IB0800A,EconomyClass,En horario
734,Silas,Moreno,20000,IB0800A,EconomyClass,En horario
735,Kaia,Álvarez,25000,IB0800A,EconomyClass,En horario
736,Arvie,Muñoz,15000,IB0800A,EconomyClass,En horario
737,Keith,Romero,20000,FR5678G,FirstClass,Aterrizado
738,Silvie,Alonso,12000,FR5678G,FirstClass,Aterrizado
739,Winnifred,Gutiérrez,10000,FR5678G,FirstClass,Aterrizado
740,Chen,Navarro,37000,FR5678G,FirstClass,Aterrizado
741,Carleton,Torres,15000,FR5678G,FirstClass,Aterrizado
742,Silvano,Domínguez,12000,FR5678G,FirstClass,Aterrizado
743,Pancho,Vázquez,18000,FR5678G,FirstClass,Aterrizado
744,Melonie,Ramos,33000,FR5678G,FirstClass,Aterrizado
745,Gordon,González,12000,FR5678G,FirstClass,Aterrizado
746,Rosemarie,Muñoz,10000,FR5678G,FirstClass,Aterrizado
747,Graehme,Rojas,18000,FR5678G,FirstClass,Aterrizado
748,Mitchael,Díaz,33000,FR5678G,FirstClass,Aterrizado
749,Carola,Pérez,10000,FR5678G,FirstClass,Aterrizado
750,Zsa zsa,Soto,20000,FR5678G,FirstClass,Aterrizado
751,Jude,Contreras,12000,FR5678G,FirstClass,Aterrizado
752,Arch,Silva,33000,FR5678G,FirstClass,Aterrizado
753,Andrej,Martínez,50000,FR5678G,FirstClass,Aterrizado
754,Amber,Sepúlveda,42000,FR5678G,FirstClass,Aterrizado
755,Dorian,Morales,15000,FR5678G,FirstClass,Aterrizado
756,Kaitlynn,Rodríguez,15000,FR5678G,FirstClass,Aterrizado
757,Kerianne,López,37000,FR5678G,FirstClass,Aterrizado
758,Boycie,Fuentes,18000,FR5678G,FirstClass,Aterrizado
759,Nanete,Hernández,37000,FR5678G,FirstClass,Aterrizado
760,Sidonia,Torres,10000,FR5678G,FirstClass,Aterrizado
761,Galvan,Araya,33000,FR5678G,FirstClass,Aterrizado
762,Lucienne,Flores,25000,FR5678G,FirstClass,Aterrizado
763,Davidson,Espinoza,37000,FR5678G,FirstClass,Aterrizado
764,Roslyn,Valenzuela,10000,FR5678G,FirstClass,Aterrizado
765,Jenny,Castillo,33000,FR5678G,ExecutiveClass,Aterrizado
766,Toby,Tapia,20000,FR5678G,ExecutiveClass,Aterrizado
767,Brynne,Reyes,18000,FR5678G,ExecutiveClass,Aterrizado
768,Blakeley,Gutiérrez,18000,FR5678G,ExecutiveClass,Aterrizado
769,Egan,Castro,10000,FR5678G,ExecutiveClass,Aterrizado
770,Barbey,Pizarro,20000,FR5678G,ExecutiveClass,Aterrizado
771,Portia,Álvarez,33000,FR5678G,ExecutiveClass,Aterrizado
772,Alica,Vásquez,37000,FR5678G,ExecutiveClass,Aterrizado
773,Juliana,Sánchez,50000,FR5678G,ExecutiveClass,Aterrizado
774,Barde,Fernández,18000,FR5678G,ExecutiveClass,Aterrizado
775,Wilie,Ramírez,30000,FR5678G,ExecutiveClass,Aterrizado
776,Letta,Carrasco,10000,FR5678G,ExecutiveClass,Aterrizado
777,Ree,Gómez,42000,FR5678G,ExecutiveClass,Aterrizado
778,Ingmar,Cortés,18000,FR5678G,ExecutiveClass,Aterrizado
779,Melva,Herrera,42000,FR5678G,ExecutiveClass,Aterrizado
780,Tootsie,Núñez,25000,FR5678G,ExecutiveClass,Aterrizado
781,Felike,Jara,33000,FR5678G,ExecutiveClass,Aterrizado
782,Laughton,Vergara,15000,FR5678G,ExecutiveClass,Aterrizado
783,Crosby,Rivera,12000,FR5678G,ExecutiveClass,Aterrizado
784,Marianne,Figueroa,33000,FR5678G,ExecutiveClass,Aterrizado
785,Francine,Riquelme,42000,FR5678G,ExecutiveClass,Aterrizado
786,Edan,García,50000,FR5678G,ExecutiveClass,Aterrizado
787,Fayre,Miranda,18000,FR5678G,ExecutiveClass,Aterrizado
788,Adelaida,Bravo,37000,FR5678G,ExecutiveClass,Aterrizado
789,Florella,Vera,25000,FR5678G,ExecutiveClass,Aterrizado
790,Noll,Molina,30000,FR5678G,ExecutiveClass,Aterrizado
791,Ki,Vega,42000,FR5678G,ExecutiveClass,Aterrizado
792,Jermayne,Campos,33000,FR5678G,ExecutiveClass,Aterrizado
793,Grayce,Sandoval,33000,FR5678G,ExecutiveClass,Aterrizado
794,Harv,Orellana,42000,FR5678G,ExecutiveClass,Aterrizado
795,Lorianna,Cárdenas,15000,FR5678G,ExecutiveClass,Aterrizado
796,Hersh,Olivares,33000,FR5678G,ExecutiveClass,Aterrizado
797,Diahann,Alarcón,33000,FR5678G,ExecutiveClass,Aterrizado
798,Yelena,Gallardo,50000,FR5678G,ExecutiveClass,Aterrizado
799,Emmaline,Ortiz,37000,FR5678G,ExecutiveClass,Aterrizado
800,Daffi,Garrido,12000,FR5678G,ExecutiveClass,Aterrizado
801,Janine,Salazar,50000,FR5678G,ExecutiveClass,Aterrizado
802,Sheilah,Guzmán,42000,FR5678G,ExecutiveClass,Aterrizado
803,Lazaro,Henríquez,10000,FR5678G,ExecutiveClass,Aterrizado
804,Earle,Saavedra,30000,FR5678G,ExecutiveClass,Aterrizado
805,Fred,Navarro,25000,FR5678G,EconomyClass,En horario
806,Almira,Aguilera,42000,FR5678G,EconomyClass,En horario
807,Wini,Parra,37000,FR5678G,EconomyClass,En horario
808,Emanuel,Romero,30000,FR5678G,EconomyClass,En horario
809,Obadias,Aravena,10000,FR5678G,EconomyClass,En horario
810,Efrem,Vargas,20000,FR5678G,EconomyClass,En horario
811,Susi,Vázquez,18000,FR5678G,EconomyClass,En horario
812,Maxy,Cáceres,15000,FR5678G,EconomyClass,En horario
813,Agnes,Yáñez,42000,FR5678G,EconomyClass,En horario
814,Obadiah,Leiva,12000,FR5678G,EconomyClass,En horario
815,Lefty,Escobar,50000,FR5678G,EconomyClass,En horario
816,Michele,Ruiz,42000,FR5678G,EconomyClass,En horario
817,Cynthia,Valdés,25000,FR5678G,EconomyClass,En horario
818,Hyatt,Vidal,20000,FR5678G,EconomyClass,En horario
819,Roch,Salinas,33000,FR5678G,EconomyClass,En horario
820,Mag,Zúñiga,12000,FR5678G,EconomyClass,En horario
821,Trevor,Peña,10000,FR5678G,EconomyClass,En horario
822,Jefferey,Godoy,10000,FR5678G,EconomyClass,En horario
823,Tania,Lagos,42000,FR5678G,EconomyClass,En horario
824,Mercie,Maldonado,42000,FR5678G,EconomyClass,En horario
825,Andrei,Bustos,10000,FR5678G,EconomyClass,En horario
826,Yetta,Medina,25000,FR5678G,EconomyClass,En horario
827,Angeli,Pino,20000,FR5678G,EconomyClass,En horario
828,Norbert,Palma,20000,FR5678G,EconomyClass,En horario
829,Conan,Moreno,20000,FR5678G,EconomyClass,En horario
830,Cale,Sanhueza,50000,FR5678G,EconomyClass,En horario
831,Christina,Carvajal,37000,FR5678G,EconomyClass,En horario
832,Olivier,Navarrete,20000,FR5678G,EconomyClass,En horario
833,Oby,Sáez,12000,FR5678G,EconomyClass,En horario
834,Chad,Alvarado,15000,FR5678G,EconomyClass,En horario
835,Adelle,Donoso,10000,FR5678G,EconomyClass,En horario
836,Keene,Poblete,25000,FR5678G,EconomyClass,En horario
837,Corrina,Bustamante,50000,FR5678G,EconomyClass,En horario
838,Hashim,Toro,50000,FR5678G,EconomyClass,En horario
839,Oralia,Ortega,10000,FR5678G,EconomyClass,En horario
840,Wadsworth,Venegas,30000,FR5678G,EconomyClass,En horario
841,Shelley,Guerrero,15000,FR5678G,EconomyClass,En horario
842,Irv,Mendoza,15000,FR5678G,EconomyClass,En horario
843,Grant,Farías,33000,FR5678G,EconomyClass,En horario
844,Bella,San Martín,18000,FR5678G,EconomyClass,En horario
845,Yardley,González,50000,FR5678G,EconomyClass,En horario
846,Brendin,Fernández,10000,FR5678G,EconomyClass,En horario
847,Estella,Rodríguez,42000,FR5678G,EconomyClass,En horario
848,Rasia,López,37000,FR5678G,EconomyClass,En horario
849,Gibb,Martínez,20000,FR5678G,EconomyClass,En horario
850,Amanda,Sánchez,37000,FR5678G,EconomyClass,En horario
851,Sidoney,Pérez,20000,FR5678G,EconomyClass,En horario
852,Giacopo,Gómez,18000,FR5678G,EconomyClass,En horario
853,Eve,Martín,12000,FR5678G,EconomyClass,En horario
854,Levon,Jiménez,25000,FR5678G,EconomyClass,En horario
855,Vassili,Ruiz,33000,FR5678G,EconomyClass,En horario
856,Henrieta,Hernández,30000,FR5678G,EconomyClass,En horario
857,Devlen,Díaz,37000,FR5678G,EconomyClass,En horario
858,Ophelie,Moreno,37000,FR5678G,EconomyClass,En horario
859,Abramo,Álvarez,37000,FR5678G,EconomyClass,En horario
860,Fair,Muñoz,37000,FR5678G,EconomyClass,En horario
861,Pietrek,Romero,25000,FR5678G,EconomyClass,En horario
862,Holden,Alonso,50000,FR5678G,EconomyClass,En horario
863,Cherish,Gutiérrez,42000,FR5678G,EconomyClass,En horario
864,Alonzo,Navarro,12000,FR5678G,EconomyClass,En horario
865,Devonna,Torres,18000,FR5678G,EconomyClass,En horario
866,Rubi,Domínguez,18000,FR5678G,EconomyClass,En horario
867,Emmanuel,Vázquez,30000,FR5678G,EconomyClass,En horario
868,Trumaine,Ramos,42000,FR5678G,EconomyClass,En horario
869,Malory,González,42000,FR5678G,EconomyClass,En horario
870,Pearla,Muñoz,33000,FR5678G,EconomyClass,En horario
871,Phelia,Rojas,33000,FR5678G,EconomyClass,En horario
872,Madonna,Díaz,10000,FR5678G,EconomyClass,En horario
873,Thomasa,Pérez,18000,FR5678G,EconomyClass,En horario
874,Estella,Soto,20000,FR5678G,EconomyClass,En horario
875,Saw,Contreras,15000,FR5678G,EconomyClass,En horario
876,Cecil,Silva,37000,FR5678G,EconomyClass,En horario
877,Mac,Martínez,25000,FR5678G,EconomyClass,En horario
878,Ralf,Sepúlveda,12000,FR5678G,EconomyClass,En horario
879,Barbey,Morales,12000,FR5678G,EconomyClass,En horario
880,Josi,Rodríguez,18000,FR5678G,EconomyClass,En horario
881,Kenna,López,25000,FR5678G,EconomyClass,En horario
882,Rina,Fuentes,25000,FR5678G,EconomyClass,En horario
883,Callida,Hernández,33000,FR5678G,EconomyClass,En horario
884,Lona,Torres,30000,FR5678G,EconomyClass,En horario
885,Jan,Araya,18000,FR5678G,EconomyClass,En horario
886,Bailey,Flores,30000,FR5678G,EconomyClass,En horario
887,Guillermo,Espinoza,42000,FR5678G,EconomyClass,En horario
888,Katlin,Valenzuela,25000,FR5678G,EconomyClass,En horario
889,Flo,Castillo,42000,FR5678G,EconomyClass,En horario
890,Madel,Tapia,12000,FR5678G,EconomyClass,En horario
891,Conant,Reyes,37000,FR5678G,EconomyClass,En horario
892,Devland,Gutiérrez,10000,FR5678G,EconomyClass,En horario
893,Annamarie,Castro,20000,FR5678G,EconomyClass,En horario
894,Gabbie,Pizarro,42000,FR5678G,EconomyClass,En horario
895,Frasquito,Álvarez,15000,FR5678G,EconomyClass,En horario
896,Oberon,Vásquez,15000,FR5678G,EconomyClass,En horario
897,Gabriell,Sánchez,10000,FR5678G,EconomyClass,En horario
898,Ki,Fernández,30000,BR3456J,FirstClass,Aterrizado
899,Martelle,Ramírez,15000,BR3456J,FirstClass,Aterrizado
900,Riccardo,Carrasco,42000,BR3456J,FirstClass,Aterrizado
901,Shaughn,Gómez,50000,BR3456J,FirstClass,Aterrizado
902,Coral,Cortés,18000,BR3456J,FirstClass,Aterrizado
903,Judas,Herrera,10000,BR3456J,FirstClass,Aterrizado
904,Josiah,Núñez,12000,BR3456J,FirstClass,Aterrizado
905,Freda,Jara,42000,BR3456J,FirstClass,Aterrizado
906,Lynn,Vergara,37000,BR3456J,ExecutiveClass,Aterrizado
907,Tabb,Rivera,50000,BR3456J,ExecutiveClass,Aterrizado
908,Brittany,Figueroa,18000,MM0987B,EconomyClass,En horario
909,Leo,Riquelme,42000,MM0987B,EconomyClass,En horario
910,Atlante,García,33000,MM0987B,EconomyClass,En horario
911,Maurie,Miranda,50000,MM0987B,EconomyClass,En horario
912,Oren,Bravo,20000,MM0987B,EconomyClass,En horario
913,Anetta,Vera,10000,MM0987B,EconomyClass,En horario
914,Curry,Molina,20000,MM0987B,EconomyClass,En horario
915,Tyrone,Vega,15000,MM0987B,EconomyClass,En horario
916,Saunder,Campos,37000,MM0987B,EconomyClass,En horario
917,Luis,Sandoval,12000,MM0987B,EconomyClass,En horario
918,Alysia,Orellana,37000,MM0987B,EconomyClass,En horario
919,Calypso,Cárdenas,12000,BR3456J,ExecutiveClass,Aterrizado
920,Gretna,Olivares,42000,BR3456J,ExecutiveClass,Aterrizado
921,Odie,Alarcón,20000,BR3456J,ExecutiveClass,Aterrizado
922,Wenda,Gallardo,12000,BR3456J,ExecutiveClass,Aterrizado
923,Ezekiel,Ortiz,20000,BR3456J,ExecutiveClass,Aterrizado
924,Orlan,Garrido,25000,BR3456J,ExecutiveClass,Aterrizado
925,Wittie,Salazar,37000,BR3456J,ExecutiveClass,Aterrizado
926,Abbie,Guzmán,18000,BR3456J,EconomyClass,En horario
927,Robinia,Henríquez,10000,BR3456J,EconomyClass,En horario
928,Hayden,Saavedra,30000,BR3456J,EconomyClass,En horario
929,Melody,Navarro,20000,BR3456J,EconomyClass,En horario
930,Emory,Aguilera,37000,BR3456J,EconomyClass,En horario
931,Callie,Parra,10000,BR3456J,EconomyClass,En horario
932,Debby,Romero,18000,IB0800A,EconomyClass,En horario
933,Gui,Aravena,20000,IB0800A,EconomyClass,En horario
934,Dorette,Vargas,37000,IB0800A,EconomyClass,En horario
935,Jillane,Vázquez,37000,IB0800A,EconomyClass,En horario
936,Carolina,Cáceres,33000,IB0800A,EconomyClass,En horario
937,Randy,Yáñez,15000,IB0800A,EconomyClass,En horario
938,Arabel,Leiva,50000,IB0800A,EconomyClass,En horario
939,Verina,Escobar,37000,IB0800A,EconomyClass,En horario
940,Josefina,Ruiz,30000,IB0800A,EconomyClass,En horario
941,Nina,Valdés,25000,IB0800A,EconomyClass,En horario
942,Vernen,Vidal,18000,IB0800A,EconomyClass,En horario
943,Loria,Salinas,25000,IB0800A,EconomyClass,En horario
944,Isabeau,Zúñiga,37000,BA2491A,EconomyClass,En horario
945,Cherice,Peña,15000,BR3456J,EconomyClass,En horario
946,Kimberley,Godoy,18000,BR3456J,EconomyClass,En horario
947,Martyn,Lagos,25000,BR3456J,EconomyClass,En horario
948,Agustin,Maldonado,25000,BR3456J,EconomyClass,En horario
949,Clerissa,Bustos,15000,BR3456J,EconomyClass,En horario
950,Lonna,Medina,10000,BR3456J,EconomyClass,En horario
951,Wake,Pino,25000,BR3456J,EconomyClass,En horario
952,Edwina,Palma,42000,MM0987B,EconomyClass,En horario
953,Lacey,Moreno,50000,MM0987B,EconomyClass,En horario
954,Laetitia,Sanhueza,33000,MM0987B,EconomyClass,En horario
955,Delila,Carvajal,20000,MM0987B,EconomyClass,En horario
956,Sioux,Navarrete,12000,MM0987B,EconomyClass,En horario
957,Floyd,Sáez,15000,MM0987B,EconomyClass,En horario
958,Trista,Alvarado,50000,BR3456J,EconomyClass,En horario
959,Shaughn,Donoso,15000,BR3456J,EconomyClass,En horario
960,Zitella,Poblete,42000,BR3456J,EconomyClass,En horario
961,Ginnie,Bustamante,15000,BR3456J,EconomyClass,En horario
962,Burty,Toro,12000,BR3456J,EconomyClass,En horario
963,Arley,Ortega,33000,BR3456J,EconomyClass,En horario
964,Ansley,Venegas,37000,BR3456J,EconomyClass,En horario
965,Kirstin,Guerrero,12000,BR3456J,EconomyClass,En horario
966,Karon,Mendoza,10000,BR3456J,EconomyClass,En horario
967,Esme,Farías,37000,BR3456J,EconomyClass,En horario
968,Berenice,San Martín,10000,IB0800A,EconomyClass,En horario
969,Charlie,González,50000,IB0800A,EconomyClass,En horario
970,Noach,Fernández,12000,IB0800A,EconomyClass,En horario
971,Mercedes,Rodríguez,12000,IB0800A,EconomyClass,En horario
972,Sloan,López,42000,IB0800A,EconomyClass,En horario
973,Guglielma,Martínez,15000,IB0800A,EconomyClass,En horario
974,Herrick,Sánchez,30000,IB0800A,EconomyClass,En horario
975,Aleksandr,Pérez,42000,IB0800A,EconomyClass,En horario
976,Arlina,Gómez,33000,IB0800A,EconomyClass,En horario
977,Wenonah,Martín,12000,IB0800A,EconomyClass,En horario
978,Warner,Jiménez,30000,IB0800A,EconomyClass,En horario
979,Libbey,Ruiz,42000,BA2491A,EconomyClass,En horario
980,Brana,Hernández,10000,BA2491A,EconomyClass,En horario
981,Genevieve,Díaz,20000,BA2491A,EconomyClass,En horario
982,Sharai,Moreno,10000,BA2491A,EconomyClass,En horario
983,Josi,Álvarez,12000,BA2491A,EconomyClass,En horario
984,Pebrook,Muñoz,33000,BA2491A,EconomyClass,En horario
985,Erna,Romero,33000,BA2491A,EconomyClass,En horario
986,Ferd,Alonso,25000,BA2491A,EconomyClass,En horario
987,Mohammed,Gutiérrez,42000,BA2491A,EconomyClass,En horario
988,Dawn,Navarro,37000,BA2491A,EconomyClass,En horario
989,Wandie,Torres,25000,BA2491A,EconomyClass,En horario
990,Chiarra,Domínguez,18000,MM0987B,EconomyClass,En horario
991,Zaccaria,Vázquez,33000,MM0987B,EconomyClass,En horario
992,Trenna,Ramos,10000,MM0987B,EconomyClass,En horario
993,Angelia,Moreno,50000,MM0987B,EconomyClass,En horario
994,Raquela,Álvarez,12000,MM0987B,EconomyClass,En horario
995,Maxi,Muñoz,18000,MM0987B,EconomyClass,En horario
996,Atalanta,Romero,37000,MM0987B,EconomyClass,En horario
997,De witt,Alonso,12000,MM0987B,EconomyClass,En horario
998,Jaye,Gutiérrez,25000,MM0987B,EconomyClass,En horario
999,Tamarra,Navarro,15000,MM0987B,EconomyClass,En horario
1000,Saleem,Torres,20000,MM0987B,EconomyClass,En horario
1002,Lucas,Perez,10000,IB0800A,FirstClass,Aterrizado
1003,Juan,Nuevo,12000,BR3456J,ExecutiveClass,Aterrizado
